Gender,Age,Debt,Married,BankCustomer,Industry,Ethnicity,YearsEmployed,PriorDefault,Employed,CreditScore,DriversLicense,Citizen,ZipCode,Income,Approved,EmploymentStatus,Citizenship
1,30.83,0.0,1,1,Manufacturing,White,1.25,1,1,1,0,ByBirth,202,0,1,Employed,Indian
0,58.67,446000.0,1,1,Other,Black,3.04,1,1,6,0,ByBirth,43,560000,1,Employed,Indian
0,24.5,50000.0,1,1,Other,Black,1.5,1,0,0,0,ByBirth,280,824000,1,Employed,Indian
1,27.83,154000.0,1,1,Manufacturing,White,3.75,1,1,5,1,ByBirth,100,3000,1,Employed,Indian
1,20.17,562500.0,1,1,Manufacturing,White,1.71,1,0,0,0,ByOtherMeans,120,0,1,Employed,Indian
1,32.08,400000.0,1,1,Other,White,2.5,1,0,0,1,ByBirth,360,0,1,Employed,Indian
1,33.17,104000.0,1,1,Other,Black,6.5,1,0,0,1,ByBirth,164,31285000,1,Employed,Indian
0,22.92,1158500.0,1,1,Other,White,0.04,1,0,0,0,ByBirth,80,1349000,1,Employed,Indian
1,54.42,50000.0,0,0,Banking,Black,3.96,1,0,0,0,ByBirth,180,314000,1,Employed,Indian
1,42.5,491500.0,0,0,Manufacturing,White,3.165,1,0,0,1,ByBirth,52,1442000,1,Employed,Indian
1,22.08,83000.0,1,1,Other,Black,2.165,0,0,0,1,ByBirth,128,0,1,Employed,Indian
1,29.92,183500.0,1,1,Other,Black,4.335,1,0,0,0,ByBirth,260,200000,1,Employed,Indian
0,38.25,600000.0,1,1,Banking,White,1.0,1,0,0,1,ByBirth,0,0,1,Employed,Indian
1,48.08,604000.0,1,1,Banking,White,0.04,0,0,0,0,ByBirth,0,2690000,1,Employed,Indian
0,45.83,1050000.0,1,1,Other,White,5.0,1,1,7,1,ByBirth,0,0,1,Employed,Indian
1,36.67,441500.0,0,0,Banking,White,0.25,1,1,10,1,ByBirth,320,0,1,Employed,Indian
1,28.25,87500.0,1,1,Other,White,0.96,1,1,3,1,ByBirth,396,0,1,Employed,Indian
0,23.25,587500.0,1,1,Other,White,3.17,1,1,10,0,ByBirth,120,245000,1,Employed,Indian
1,21.83,25000.0,1,1,Other,Black,0.665,1,0,0,1,ByBirth,0,0,1,Employed,Indian
0,19.17,858500.0000000001,1,1,Other,Black,0.75,1,1,7,0,ByBirth,96,0,1,Employed,Indian
1,25.0,1125000.0,1,1,Other,White,2.5,1,1,17,0,ByBirth,200,1208000,1,Employed,Indian
1,23.25,100000.0,1,1,Other,White,0.835,1,0,0,0,ByOtherMeans,300,0,1,Employed,Indian
0,47.75,800000.0,1,1,Other,White,7.875,1,1,6,1,ByBirth,0,1260000,1,Employed,Indian
0,27.42,1450000.0,1,1,Other,Black,3.085,1,1,1,0,ByBirth,120,11000,1,Employed,Indian
0,41.17,650000.0,1,1,Other,White,0.5,1,1,3,1,ByBirth,145,0,1,Employed,Indian
0,15.83,58500.0,1,1,Other,Black,1.5,1,1,2,0,ByBirth,100,0,1,Employed,Indian
0,47.0,1300000.0,1,1,Other,Asian,5.165,1,1,9,1,ByBirth,0,0,1,Employed,Indian
1,56.58,1850000.0,1,1,Other,Asian,15.0,1,1,17,1,ByBirth,0,0,1,Employed,Indian
1,57.42,850000.0,1,1,Education,Black,7.0,1,1,3,0,ByBirth,0,0,1,Employed,Indian
1,42.08,104000.0,1,1,Manufacturing,White,5.0,1,1,6,1,ByBirth,500,10000000,1,Employed,Indian
1,29.25,1479000.0,1,1,Other,White,5.04,1,1,5,1,ByBirth,168,0,1,Employed,Indian
1,42.0,978999.9999999999,1,1,Other,Black,7.96,1,1,8,0,ByBirth,0,0,1,Employed,Indian
1,49.5,758500.0,1,1,Other,Asian,7.585,1,1,15,1,ByBirth,0,5000000,1,Employed,Indian
0,36.75,512500.0,1,1,Education,White,5.0,1,0,0,1,ByBirth,0,4000000,1,Employed,Indian
0,22.58,1075000.0,1,1,Other,White,0.415,1,1,5,1,ByBirth,0,560000,1,Employed,Indian
1,27.83,150000.0,1,1,Manufacturing,White,2.0,1,1,11,1,ByBirth,434,35000,1,Employed,Indian
1,27.25,158500.0,1,1,Other,Black,1.835,1,1,12,1,ByBirth,583,713000,1,Employed,Indian
0,23.0,1175000.0,1,1,Other,Black,0.5,1,1,2,1,ByBirth,300,551000,1,Employed,Indian
1,27.75,58500.0,0,0,Other,White,0.25,1,1,2,0,ByBirth,260,500000,1,Employed,Indian
1,54.58,941499.9999999999,1,1,Healthcare,Latino,14.415,1,1,11,1,ByBirth,30,300000,1,Employed,Indian
1,34.17,917000.0,1,1,Other,White,4.5,1,1,12,1,ByBirth,0,221000,1,Employed,Indian
1,28.92,1500000.0,1,1,Other,Black,5.335,1,1,11,0,ByBirth,0,2283000,1,Employed,Indian
1,29.67,141500.0,1,1,Manufacturing,Black,0.75,1,1,1,0,ByBirth,240,100000,1,Employed,Indian
1,39.58,1391500.0,1,1,Manufacturing,White,8.625,1,1,6,1,ByBirth,70,0,1,Employed,Indian
1,56.42,2800000.0,0,0,Other,White,28.5,1,1,40,0,ByBirth,0,15000,1,Employed,Indian
1,54.33,675000.0,1,1,Other,Black,2.625,1,1,11,1,ByBirth,0,284000,1,Employed,Indian
0,41.0,204000.0,0,0,Other,Black,0.125,1,1,23,1,ByBirth,455,1236000,1,Employed,Indian
1,31.92,446000.0,1,1,Other,Black,6.04,1,1,3,0,ByBirth,311,300000,1,Employed,Indian
1,41.5,154000.0,1,1,Other,Asian,3.5,0,0,0,0,ByBirth,216,0,1,Employed,Indian
1,23.92,66500.0,1,1,Other,White,0.165,0,0,0,0,ByBirth,100,0,1,Employed,Indian
0,25.75,50000.0,1,1,Other,Black,0.875,1,0,0,1,ByBirth,491,0,1,Employed,Indian
1,26.0,100000.0,1,1,Other,White,1.75,1,0,0,1,ByBirth,280,0,1,Employed,Indian
1,37.42,204000.0,1,1,Manufacturing,White,0.04,1,0,0,1,ByBirth,400,5800000,1,Employed,Indian
1,34.92,250000.0,1,1,Manufacturing,White,0.0,1,0,0,1,ByBirth,239,200000,1,Unemployed,Indian
1,34.25,300000.0,1,1,Other,Black,7.415,1,0,0,1,ByBirth,0,0,1,Employed,Indian
1,23.33,1162500.0,0,0,Manufacturing,White,0.835,1,0,0,1,ByBirth,160,300000,1,Employed,Indian
1,23.17,0.0,1,1,Other,White,0.085,1,0,0,0,ByBirth,0,0,1,Employed,Indian
1,44.33,50000.0,1,1,Other,Black,5.0,1,0,0,1,ByBirth,320,0,1,Employed,Indian
1,35.17,450000.0,1,1,Other,Black,5.75,0,0,0,1,ByOtherMeans,711,0,1,Employed,Indian
1,43.25,300000.0,1,1,Other,Black,6.0,1,1,11,0,ByBirth,80,0,1,Employed,Indian
1,56.75,1225000.0,1,1,Other,White,1.25,1,1,4,1,ByBirth,200,0,1,Employed,Indian
1,31.67,1616500.0,1,1,Other,White,3.0,1,1,9,0,ByBirth,250,730000,1,Employed,Indian
0,23.42,79000.0,0,0,Other,White,1.5,1,1,2,1,ByBirth,80,400000,1,Employed,Indian
0,20.42,83500.0,1,1,Other,White,1.585,1,1,1,0,ByBirth,0,0,1,Employed,Indian
1,26.67,425000.0,1,1,Other,White,4.29,1,1,1,1,ByBirth,120,0,1,Employed,Indian
1,34.17,154000.0,1,1,Other,White,1.54,1,1,1,1,ByBirth,520,50000000,1,Employed,Indian
0,36.0,100000.0,1,1,Other,White,2.0,1,1,11,0,ByBirth,0,456000,1,Employed,Indian
1,25.5,37500.0,1,1,Other,White,0.25,1,1,3,0,ByBirth,260,15108000,1,Employed,Indian
1,19.42,650000.0,1,1,Manufacturing,Black,1.46,1,1,7,0,ByBirth,80,2954000,1,Employed,Indian
1,35.17,2512500.0,1,1,Other,Black,1.625,1,1,1,1,ByBirth,515,500000,1,Employed,Indian
1,32.33,750000.0,1,1,Education,Asian,1.585,1,0,0,1,ByOtherMeans,420,0,0,Employed,Indian
1,34.83,400000.0,1,1,Other,Asian,12.5,1,0,0,1,ByBirth,0,0,0,Employed,Indian
0,38.58,500000.0,1,1,Other,White,13.5,1,0,0,1,ByBirth,980,0,0,Employed,Indian
1,44.25,50000.0,1,1,Other,White,10.75,1,0,0,0,ByOtherMeans,400,0,0,Employed,Indian
1,44.83,700000.0,0,0,Other,White,1.625,0,0,0,0,ByBirth,160,2000,0,Employed,Indian
1,20.67,529000.0,1,1,Other,White,0.375,1,1,1,0,ByBirth,160,0,0,Employed,Indian
1,34.08,650000.0,1,1,Other,White,0.125,1,0,0,1,ByBirth,443,0,0,Employed,Indian
0,19.17,58500.0,0,0,Other,White,0.585,1,0,0,1,ByBirth,160,0,0,Employed,Indian
1,21.67,116500.0,0,0,Banking,White,2.5,1,1,1,0,ByBirth,180,20000,0,Employed,Indian
1,21.5,975000.0,1,1,Other,White,0.25,1,0,0,0,ByBirth,140,0,0,Employed,Indian
1,49.58,1900000.0,1,1,Healthcare,Latino,0.0,1,1,1,0,ByBirth,94,0,0,Unemployed,Indian
0,27.67,150000.0,1,1,Other,White,2.0,1,0,0,0,ByOtherMeans,368,0,0,Employed,Indian
1,39.83,50000.0,1,1,Other,White,0.25,1,0,0,0,ByOtherMeans,288,0,0,Employed,Indian
0,28.46,350000.0,1,1,Other,White,3.0,1,0,0,1,ByBirth,300,0,0,Employed,Indian
1,27.25,62500.0,1,1,Other,White,0.455,1,0,0,1,ByBirth,200,0,0,Employed,Indian
1,37.17,400000.0,1,1,Other,Asian,5.0,1,0,0,1,ByOtherMeans,280,0,0,Employed,Indian
1,28.46,37500.0,1,1,Other,White,0.875,1,0,0,1,ByOtherMeans,928,0,0,Employed,Indian
1,25.67,221000.0,0,0,Other,White,4.0,1,0,0,0,ByBirth,188,0,0,Employed,Indian
1,34.0,450000.0,1,1,Other,White,1.0,1,0,0,1,ByBirth,240,0,0,Employed,Indian
0,49.0,150000.0,1,1,Other,Other,0.0,1,0,0,1,ByBirth,100,27000,0,Unemployed,Indian
1,62.5,1275000.0,0,0,Other,Black,5.0,1,0,0,0,ByBirth,112,0,0,Employed,Indian
1,31.42,1550000.0,1,1,Other,White,0.5,1,0,0,0,ByBirth,120,0,0,Employed,Indian
1,28.46,500000.0,0,0,Other,White,8.5,1,0,0,0,ByBirth,0,0,0,Employed,Indian
1,52.33,137500.0,0,0,Other,Black,9.46,1,0,0,1,ByBirth,200,100000,0,Employed,Indian
1,28.75,150000.0,0,0,Other,White,1.5,1,0,0,1,ByBirth,0,225000,0,Employed,Indian
0,28.58,354000.0,1,1,Other,Asian,0.5,1,0,0,1,ByBirth,171,0,0,Employed,Indian
1,23.0,62500.0,0,0,Other,White,0.125,1,0,0,0,ByBirth,180,1000,0,Employed,Indian
1,28.46,50000.0,1,1,Other,Asian,0.835,1,0,0,1,ByOtherMeans,320,0,0,Employed,Indian
0,22.5,1100000.0,0,0,Other,White,3.0,1,0,0,1,ByBirth,268,0,0,Employed,Indian
0,28.5,100000.0,1,1,Other,White,1.0,1,1,2,1,ByBirth,167,500000,0,Employed,Indian
1,37.5,175000.0,0,0,Other,Asian,0.25,1,0,0,1,ByBirth,164,400000,0,Employed,Indian
1,35.25,1650000.0,0,0,Other,White,4.0,1,0,0,0,ByBirth,80,0,0,Employed,Indian
1,18.67,500000.0,1,1,Other,White,0.375,1,1,2,0,ByBirth,0,38000,0,Employed,Indian
1,25.0,1200000.0,1,1,Banking,White,2.25,1,1,2,1,ByBirth,120,5000,0,Employed,Indian
1,27.83,400000.0,0,0,Other,Black,5.75,1,1,2,1,ByBirth,75,0,0,Employed,Indian
1,54.83,1550000.0,1,1,Education,Other,0.0,1,1,20,0,ByBirth,152,130000,0,Unemployed,Indian
1,28.75,116500.0,1,1,Banking,White,0.5,1,0,0,0,ByOtherMeans,280,0,0,Employed,Indian
0,25.0,1100000.0,0,0,Other,White,4.5,1,0,0,0,ByBirth,120,0,0,Employed,Indian
1,40.92,225000.0,0,0,Other,Black,10.0,1,0,0,1,ByBirth,176,0,0,Employed,Indian
0,19.75,75000.0,1,1,Other,White,0.795,1,1,5,1,ByBirth,140,5000,0,Employed,Indian
1,29.17,350000.0,1,1,Manufacturing,White,3.5,1,1,3,1,ByBirth,329,0,0,Employed,Indian
0,24.5,104000.0,0,0,Healthcare,Latino,0.5,1,1,3,0,ByBirth,180,147000,0,Employed,Indian
1,24.58,1250000.0,1,1,Manufacturing,White,0.875,1,0,0,1,ByBirth,260,0,0,Employed,Indian
0,33.75,75000.0,1,1,Banking,Asian,1.0,1,1,3,1,ByBirth,212,0,0,Employed,Indian
1,20.67,125000.0,0,0,Other,Black,1.375,1,1,3,1,ByBirth,140,210000,0,Employed,Indian
0,25.42,112500.0,1,1,Other,White,1.29,1,1,2,0,ByBirth,200,0,0,Employed,Indian
1,37.75,700000.0,1,1,Other,Black,11.5,1,1,7,1,ByBirth,300,5000,0,Employed,Indian
1,52.5,650000.0,1,1,Banking,White,6.29,1,1,15,0,ByBirth,0,11202000,1,Employed,Indian
1,57.83,704000.0,1,1,Other,White,14.0,1,1,6,1,ByBirth,360,1332000,1,Employed,Indian
0,20.75,1033500.0000000001,1,1,Other,Black,0.335,1,1,1,1,ByBirth,80,50000,1,Employed,Indian
1,39.92,621000.0,1,1,Other,White,0.04,1,1,1,0,ByBirth,200,300000,1,Employed,Indian
1,25.67,1250000.0,1,1,Other,White,1.21,1,1,67,1,ByBirth,140,258000,1,Employed,Indian
0,24.75,1250000.0,1,1,Other,White,1.5,1,1,12,1,ByBirth,120,567000,1,Employed,Indian
0,44.17,666500.0,1,1,Other,White,7.375,1,1,3,1,ByBirth,0,0,1,Employed,Indian
0,23.5,900000.0,1,1,Other,White,8.5,1,1,5,1,ByBirth,120,0,1,Employed,Indian
1,34.92,500000.0,1,1,Other,Black,7.5,1,1,6,1,ByBirth,0,1000000,1,Employed,Indian
1,47.67,250000.0,1,1,Other,Asian,2.5,1,1,12,1,ByBirth,410,2510000,1,Employed,Indian
1,22.75,1100000.0,1,1,Other,White,2.5,1,1,7,1,ByBirth,100,809000,1,Employed,Indian
1,34.42,425000.0,1,1,Other,Asian,3.25,1,1,2,0,ByBirth,274,610000,1,Employed,Indian
0,28.42,350000.0,1,1,Manufacturing,White,0.835,1,0,0,0,ByOtherMeans,280,0,1,Employed,Indian
1,67.75,550000.0,1,1,Education,Other,13.0,1,1,1,1,ByBirth,0,0,1,Employed,Indian
1,20.42,183500.0,1,1,Other,White,2.25,1,1,1,0,ByBirth,100,150000,1,Employed,Indian
0,47.42,800000.0,1,1,Education,Asian,6.5,1,1,6,0,ByBirth,375,51100000,1,Employed,Indian
1,36.25,500000.0,1,1,Other,Asian,2.5,1,1,6,0,ByBirth,0,367000,1,Employed,Indian
1,32.67,550000.0,1,1,Other,Black,5.5,1,1,12,1,ByBirth,408,1000000,1,Employed,Indian
1,48.58,650000.0,1,1,Other,Black,6.0,1,0,0,1,ByBirth,350,0,1,Employed,Indian
1,39.92,54000.0,0,0,Other,White,0.5,1,1,3,0,ByBirth,200,1000000,1,Employed,Indian
1,33.58,275000.0,1,1,Other,White,4.25,1,1,6,0,ByBirth,204,0,1,Employed,Indian
0,18.83,950000.0,1,1,Manufacturing,White,1.625,1,1,6,1,ByBirth,40,600000,1,Employed,Indian
0,26.92,1350000.0,1,1,Other,Black,5.0,1,1,2,0,ByBirth,0,5000000,1,Employed,Indian
0,31.25,375000.0,1,1,Other,Black,0.625,1,1,9,1,ByBirth,181,0,1,Employed,Indian
0,56.5,1600000.0,1,1,Other,Latino,0.0,1,1,15,0,ByBirth,0,247000,1,Unemployed,Indian
1,43.0,28999.999999999996,0,0,Other,Black,1.75,1,1,8,0,ByBirth,100,375000,1,Employed,Indian
1,22.33,1100000.0,1,1,Manufacturing,White,2.0,1,1,1,0,ByBirth,80,278000,1,Employed,Indian
1,27.25,166500.0,1,1,Other,Black,5.085,1,1,9,0,ByBirth,399,827000,1,Employed,Indian
1,32.83,250000.0,1,1,Other,Black,2.75,1,1,6,0,ByBirth,160,2072000,1,Employed,Indian
1,23.25,150000.0,1,1,Other,White,2.375,1,1,3,1,ByBirth,0,582000,1,Employed,Indian
0,40.33,754000.0,0,0,Other,Black,8.0,1,1,14,0,ByBirth,0,2300000,1,Employed,Indian
0,30.5,650000.0,1,1,Other,Asian,4.0,1,1,7,1,ByBirth,0,3065000,1,Employed,Indian
0,52.83,1500000.0,1,1,Other,White,5.5,1,1,14,0,ByBirth,0,2200000,1,Employed,Indian
0,46.67,46000.0,1,1,Other,Black,0.415,1,1,11,1,ByBirth,440,6000,1,Employed,Indian
0,58.33,1000000.0,1,1,Other,White,4.0,1,1,14,0,ByBirth,0,1602000,1,Employed,Indian
1,37.33,650000.0,1,1,Other,Black,4.25,1,1,12,1,ByBirth,93,0,1,Employed,Indian
1,23.08,250000.0,1,1,Other,White,1.085,1,1,11,1,ByBirth,60,2184000,1,Employed,Indian
1,32.75,150000.0,1,1,Other,Black,5.5,1,1,3,1,ByBirth,0,0,1,Employed,Indian
0,21.67,1150000.0,0,0,Other,Other,0.0,1,1,11,1,ByBirth,0,0,1,Unemployed,Indian
0,28.5,304000.0,0,0,Other,Black,2.54,1,1,1,0,ByBirth,70,0,1,Employed,Indian
0,68.67,1500000.0,1,1,Education,Other,0.0,1,1,14,0,ByBirth,0,3376000,1,Unemployed,Indian
1,28.0,200000.0,1,1,Banking,Black,4.165,1,1,2,1,ByBirth,181,0,1,Employed,Indian
1,34.08,8000.0,0,0,Other,Asian,0.04,1,1,1,1,ByBirth,280,2000000,1,Employed,Indian
1,27.67,200000.0,1,1,Other,Black,1.0,1,1,4,0,ByBirth,140,7544000,1,Employed,Indian
1,44.0,200000.0,1,1,Other,White,1.75,1,1,2,1,ByBirth,0,15000,1,Employed,Indian
1,25.08,171000.0,1,1,Other,White,1.665,1,1,1,1,ByBirth,395,20000,1,Employed,Indian
1,32.0,175000.0,0,0,Education,Black,0.04,1,0,0,1,ByBirth,393,0,1,Employed,Indian
0,60.58,1650000.0,1,1,Other,White,11.0,1,0,0,1,ByBirth,21,10561000,1,Employed,Indian
0,40.83,1000000.0,1,1,Other,Black,1.75,1,0,0,0,ByBirth,29,837000,1,Employed,Indian
1,19.33,950000.0,1,1,Other,White,1.0,1,0,0,1,ByBirth,60,400000,1,Employed,Indian
0,32.33,54000.0,1,1,Other,White,0.04,1,0,0,0,ByBirth,440,11177000,1,Employed,Indian
1,36.67,325000.0,1,1,Other,Black,9.0,1,0,0,1,ByBirth,102,639000,1,Employed,Indian
1,37.5,112500.0,0,0,Other,White,1.5,0,0,0,1,ByBirth,431,0,1,Employed,Indian
0,25.08,254000.0,0,0,Other,White,0.25,1,0,0,1,ByBirth,370,0,1,Employed,Indian
1,41.33,0.0,1,1,Other,Asian,15.0,1,0,0,0,ByBirth,0,0,1,Employed,Indian
1,56.0,1250000.0,1,1,Banking,Black,8.0,1,0,0,1,ByBirth,24,2028000,1,Employed,Indian
0,49.83,1358500.0,1,1,Banking,Black,8.5,1,0,0,1,ByBirth,0,0,1,Employed,Indian
1,22.67,1050000.0,1,1,Other,Black,1.335,1,0,0,0,ByBirth,100,0,1,Employed,Indian
1,27.0,150000.0,0,0,Manufacturing,White,0.375,1,0,0,1,ByBirth,260,1065000,1,Employed,Indian
1,25.0,1250000.0,1,1,Other,White,3.0,1,0,0,1,ByOtherMeans,20,0,1,Employed,Indian
0,26.08,866499.9999999999,1,1,Other,White,1.415,1,0,0,0,ByBirth,160,150000,1,Employed,Indian
0,18.42,925000.0,1,1,Other,White,1.21,1,1,4,0,ByBirth,60,540000,1,Employed,Indian
1,20.17,817000.0,1,1,Other,White,1.96,1,1,14,0,ByBirth,60,158000,1,Employed,Indian
1,47.67,28999.999999999996,1,1,Other,Asian,15.0,1,1,20,0,ByBirth,0,15000000,1,Employed,Indian
0,21.25,233500.0,1,1,Other,Asian,0.5,1,1,4,0,ByOtherMeans,80,0,1,Employed,Indian
0,20.67,300000.0,1,1,Other,White,0.165,1,1,3,0,ByBirth,100,6000,1,Employed,Indian
0,57.08,1950000.0,1,1,Other,White,5.5,1,1,7,0,ByBirth,0,3000000,1,Employed,Indian
0,22.42,566500.0,1,1,Other,White,2.585,1,1,7,0,ByBirth,129,3257000,1,Employed,Indian
1,48.75,850000.0,1,1,Other,Black,12.5,1,1,9,0,ByBirth,181,1655000,1,Employed,Indian
1,40.0,650000.0,1,1,Other,Asian,3.5,1,1,1,0,ByBirth,0,500000,1,Employed,Indian
1,40.58,500000.0,1,1,Other,White,5.0,1,1,7,0,ByBirth,0,3065000,1,Employed,Indian
0,28.67,104000.0,1,1,Other,White,2.5,1,1,5,1,ByBirth,300,1430000,1,Employed,Indian
0,33.08,462500.0,1,1,Other,Black,1.625,1,1,2,0,ByBirth,0,0,1,Employed,Indian
1,21.33,1050000.0,1,1,Other,White,3.0,1,0,0,1,ByBirth,0,0,1,Employed,Indian
1,42.0,20500.0,1,1,Other,Black,5.125,1,0,0,0,ByBirth,400,0,1,Employed,Indian
1,41.75,96000.0,1,1,Other,White,2.5,1,0,0,0,ByBirth,510,600000,1,Employed,Indian
1,22.67,158500.0,0,0,Manufacturing,White,3.085,1,1,6,0,ByBirth,80,0,1,Employed,Indian
1,34.5,404000.0,0,0,Other,Asian,8.5,1,1,7,1,ByBirth,195,0,1,Employed,Indian
1,28.25,504000.0,0,0,Other,Asian,1.5,1,1,8,1,ByBirth,144,7000,1,Employed,Indian
1,33.17,316500.0,0,0,Other,White,3.165,1,1,3,1,ByBirth,380,0,1,Employed,Indian
1,48.17,762500.0,1,1,Manufacturing,Black,15.5,1,1,12,0,ByBirth,0,790000,1,Employed,Indian
1,27.58,204000.0,0,0,Other,White,2.0,1,1,3,1,ByBirth,370,560000,1,Employed,Indian
1,22.58,1003999.9999999999,1,1,Other,White,0.04,1,1,9,0,ByBirth,60,396000,1,Employed,Indian
0,24.08,50000.0,1,1,Other,Black,1.25,1,1,1,0,ByBirth,0,678000,1,Employed,Indian
0,41.33,100000.0,1,1,Other,Asian,2.25,1,0,0,1,ByBirth,0,300000,1,Employed,Indian
1,24.83,275000.0,1,1,Other,White,2.25,1,1,6,0,ByBirth,0,600000,1,Employed,Indian
0,20.75,1025000.0,1,1,Other,White,0.71,1,1,2,1,ByBirth,49,0,1,Employed,Indian
1,36.33,212500.0,0,0,Manufacturing,White,0.085,1,1,1,0,ByBirth,50,1187000,1,Employed,Indian
0,35.42,1200000.0,1,1,Other,Black,14.0,1,1,8,0,ByBirth,0,6590000,1,Employed,Indian
0,71.58,0.0,1,1,Other,White,0.0,0,0,0,0,Temporary,0,0,1,Unemployed,Indian
1,28.67,933500.0000000001,1,1,Other,Black,5.665,1,1,6,0,ByBirth,381,168000,1,Employed,Indian
1,35.17,250000.0,1,1,Banking,White,4.5,1,1,7,0,ByBirth,150,1270000,1,Employed,Indian
1,39.5,425000.0,1,1,Other,Asian,6.5,1,1,16,0,ByBirth,117,1210000,1,Employed,Indian
1,39.33,587500.0,1,1,Other,Black,10.0,1,1,14,1,ByBirth,399,0,1,Employed,Indian
1,24.33,662500.0,0,0,Other,White,5.5,1,0,0,1,ByOtherMeans,100,0,1,Employed,Indian
1,60.08,1450000.0,1,1,Healthcare,Latino,18.0,1,1,15,1,ByBirth,0,1000000,1,Employed,Indian
1,23.08,1150000.0,1,1,Other,White,3.5,1,1,9,0,ByBirth,56,742000,1,Employed,Indian
1,26.67,271000.0,0,0,Other,White,5.25,1,1,1,0,ByBirth,211,0,1,Employed,Indian
1,48.17,350000.0,1,1,Other,White,3.5,1,0,0,0,ByOtherMeans,230,0,1,Employed,Indian
1,41.17,404000.0,1,1,Other,Black,7.0,1,1,8,0,ByBirth,320,0,1,Employed,Indian
1,55.92,1150000.0,1,1,Healthcare,Latino,5.0,1,1,5,0,ByBirth,0,8851000,1,Employed,Indian
1,53.92,962500.0,1,1,Education,White,8.665,1,1,5,0,ByBirth,0,0,1,Employed,Indian
0,18.92,925000.0,0,0,Other,White,1.0,1,1,4,1,ByBirth,80,500000,1,Employed,Indian
0,50.08,1254000.0,1,1,Other,White,2.29,1,1,3,1,ByBirth,156,0,1,Employed,Indian
1,65.42,1100000.0,1,1,Education,Other,20.0,1,1,7,1,ByBirth,22,0,1,Employed,Indian
0,17.58,900000.0,1,1,Other,White,1.375,1,0,0,1,ByBirth,0,0,1,Employed,Indian
0,18.83,953999.9999999999,1,1,Other,White,0.085,1,0,0,0,ByBirth,100,0,1,Employed,Indian
0,37.75,550000.0,1,1,Other,White,0.125,1,0,0,1,ByBirth,228,0,1,Employed,Indian
1,23.25,400000.0,1,1,Other,Asian,0.25,1,0,0,1,ByBirth,160,0,1,Employed,Indian
1,18.08,550000.0,1,1,Banking,White,0.5,1,0,0,0,ByBirth,80,0,1,Employed,Indian
0,22.5,846000.0000000001,0,0,Other,White,2.46,0,0,0,0,ByBirth,164,0,1,Employed,Indian
1,19.67,37500.0,1,1,Other,White,2.0,1,1,2,1,ByBirth,80,0,1,Employed,Indian
1,22.08,1100000.0,1,1,Other,White,0.665,1,0,0,0,ByBirth,100,0,1,Employed,Indian
1,25.17,350000.0,1,1,Other,White,0.625,1,1,7,0,ByBirth,0,7059000,1,Employed,Indian
0,47.42,300000.0,1,1,Other,White,13.875,1,1,2,1,ByBirth,519,1704000,1,Employed,Indian
1,33.5,175000.0,1,1,Other,Black,4.5,1,1,4,1,ByBirth,253,857000,1,Employed,Indian
1,27.67,1375000.0,1,1,Manufacturing,White,5.75,1,0,0,1,ByBirth,487,500000,1,Employed,Indian
0,58.42,2100000.0,1,1,Other,Asian,10.0,1,1,13,0,ByBirth,0,6700000,1,Employed,Indian
0,20.67,183500.0,1,1,Other,White,2.085,1,1,5,0,ByBirth,220,2503000,1,Employed,Indian
1,26.17,25000.0,1,1,Other,Asian,0.0,1,0,0,1,ByBirth,0,0,1,Unemployed,Indian
1,21.33,750000.0,1,1,Other,White,1.415,1,1,1,0,ByBirth,80,9800000,1,Employed,Indian
1,42.83,462500.0,1,1,Other,White,4.58,1,0,0,0,ByOtherMeans,0,0,1,Employed,Indian
1,38.17,1012500.0,1,1,Other,White,2.5,1,1,6,0,ByBirth,520,196000,1,Employed,Indian
1,20.5,1000000.0,0,0,Other,White,2.5,1,0,0,0,ByOtherMeans,40,0,1,Employed,Indian
1,48.25,2508500.0,1,1,Manufacturing,White,1.75,1,1,3,0,ByBirth,120,14000,1,Employed,Indian
1,28.33,500000.0,1,1,Manufacturing,White,11.0,1,0,0,1,ByBirth,70,0,1,Employed,Indian
0,18.75,750000.0,1,1,Other,White,2.71,1,1,5,0,ByBirth,0,26726000,1,Employed,Indian
1,18.5,200000.0,1,1,Other,White,1.5,1,1,2,0,ByBirth,120,300000,1,Employed,Indian
1,33.17,304000.0,0,0,Other,Black,2.04,1,1,1,1,ByBirth,180,18027000,1,Employed,Indian
1,45.0,850000.0,1,1,Other,Black,14.0,1,1,1,1,ByBirth,88,2000000,1,Employed,Indian
0,19.67,21000.0,1,1,Other,Black,0.29,1,1,11,0,ByBirth,80,99000,1,Employed,Indian
1,24.5,1275000.0,1,1,Other,Asian,4.75,1,1,2,0,ByBirth,73,444000,1,Employed,Indian
1,21.83,1100000.0,1,1,Other,White,0.29,1,1,6,0,ByBirth,121,0,1,Employed,Indian
1,40.25,2150000.0,1,1,Education,Other,20.0,1,1,11,0,ByBirth,0,1200000,1,Employed,Indian
1,41.42,500000.0,1,1,Other,Black,5.0,1,1,6,1,ByBirth,470,0,1,Employed,Indian
0,17.83,1100000.0,1,1,Other,Black,1.0,1,1,11,0,ByBirth,0,3000000,1,Employed,Indian
1,23.17,1112500.0,1,1,Other,Black,0.46,1,1,1,0,ByBirth,100,0,1,Employed,Indian
1,28.46,62500.0,1,1,Banking,White,0.25,0,0,0,0,ByBirth,380,2010000,0,Employed,Indian
1,18.17,1025000.0,1,1,Other,Black,1.085,0,0,0,0,ByBirth,320,13000,0,Employed,Indian
1,20.0,1104500.0,1,1,Other,White,2.0,0,0,0,1,ByBirth,136,0,0,Employed,Indian
1,20.0,0.0,1,1,Other,White,0.5,0,0,0,0,ByBirth,144,0,0,Employed,Indian
0,20.75,953999.9999999999,1,1,Other,White,0.04,0,0,0,0,ByBirth,200,1000000,0,Employed,Indian
0,24.5,175000.0,0,0,Other,White,0.165,0,0,0,0,ByBirth,132,0,0,Employed,Indian
1,32.75,233500.0,1,1,Other,Black,5.75,0,0,0,1,ByBirth,292,0,0,Employed,Indian
0,52.17,0.0,0,0,Healthcare,Latino,0.0,0,0,0,0,ByBirth,0,0,0,Unemployed,Indian
0,48.17,133500.0,1,1,Other,Other,0.335,0,0,0,0,ByBirth,0,120000,0,Employed,Indian
0,20.42,1050000.0,0,0,Other,Black,0.0,0,0,0,1,ByBirth,154,32000,0,Unemployed,Indian
1,50.75,58500.0,1,1,Healthcare,Latino,0.0,0,0,0,0,ByBirth,145,0,0,Unemployed,Indian
1,17.08,8500.0,0,0,Other,White,0.04,0,0,0,0,ByBirth,140,722000,0,Employed,Indian
1,18.33,121000.0,0,0,Education,Other,0.0,0,0,0,0,ByBirth,100,0,0,Unemployed,Indian
0,32.0,600000.0,1,1,Other,White,1.25,0,0,0,0,ByBirth,272,0,0,Employed,Indian
1,59.67,154000.0,1,1,Other,White,0.125,1,0,0,1,ByBirth,260,0,1,Employed,Indian
1,18.0,16500.0,1,1,Other,Other,0.21,0,0,0,0,ByBirth,200,40000,1,Employed,Indian
1,37.58,0.0,1,1,Other,White,0.0,0,0,0,0,Temporary,0,0,1,Unemployed,Indian
1,32.33,250000.0,1,1,Other,White,1.25,0,0,0,1,ByBirth,280,0,0,Employed,Indian
1,18.08,675000.0,0,0,Other,White,0.04,0,0,0,0,ByBirth,140,0,0,Employed,Indian
1,38.25,1012500.0,0,0,Banking,White,0.125,0,0,0,0,ByBirth,160,0,0,Employed,Indian
1,30.67,250000.0,1,1,Other,Black,2.25,0,0,0,1,ByOtherMeans,340,0,0,Employed,Indian
1,18.58,571000.0,1,1,Other,White,0.54,0,0,0,0,ByBirth,120,0,0,Employed,Indian
0,19.17,541500.0,1,1,Other,Black,0.29,0,0,0,0,ByBirth,80,484000,0,Employed,Indian
0,18.17,1000000.0,0,0,Other,Black,0.165,0,0,0,0,ByBirth,340,0,0,Employed,Indian
1,24.58,1350000.0,0,0,Healthcare,Latino,0.0,0,0,0,0,ByBirth,0,0,0,Unemployed,Indian
1,16.25,83500.0,1,1,Other,White,0.085,1,0,0,0,ByOtherMeans,200,0,0,Employed,Indian
1,21.17,87500.0,0,0,Other,Black,0.25,0,0,0,0,ByBirth,280,204000,0,Employed,Indian
1,23.92,58500.0,0,0,Other,Black,0.125,0,0,0,0,ByBirth,240,1000,0,Employed,Indian
1,17.67,446000.0,1,1,Other,White,0.25,0,0,0,0,ByOtherMeans,80,0,0,Employed,Indian
0,16.5,125000.0,1,1,Other,White,0.25,0,1,1,0,ByBirth,108,98000,0,Employed,Indian
1,23.25,1262500.0,1,1,Other,White,0.125,0,1,2,0,ByBirth,0,5552000,0,Employed,Indian
1,17.58,1000000.0,1,1,Manufacturing,Black,0.165,0,1,1,0,ByBirth,120,1000,0,Employed,Indian
0,28.46,150000.0,1,1,Healthcare,Latino,0.0,0,1,2,1,ByBirth,200,105000,0,Unemployed,Indian
1,29.5,57999.99999999999,1,1,Manufacturing,White,0.29,0,1,1,0,ByBirth,340,2803000,0,Employed,Indian
1,18.83,41500.0,0,0,Other,White,0.165,0,1,1,0,ByBirth,200,1000,0,Employed,Indian
0,21.75,175000.0,0,0,Other,Other,0.0,0,0,0,0,ByBirth,160,0,0,Unemployed,Indian
1,23.0,75000.0,1,1,Other,White,0.5,0,0,0,1,ByOtherMeans,320,0,0,Employed,Indian
0,18.25,1000000.0,1,1,Manufacturing,White,1.0,0,1,1,0,ByBirth,120,1000,0,Employed,Indian
1,25.42,54000.0,1,1,Manufacturing,White,0.165,0,1,1,0,ByBirth,272,444000,0,Employed,Indian
1,35.75,241500.0,1,1,Manufacturing,White,0.125,0,1,2,0,ByBirth,220,1000,0,Employed,Indian
0,16.08,33500.0,1,1,Healthcare,Latino,0.0,0,1,1,0,ByBirth,160,126000,0,Unemployed,Indian
0,31.92,312500.0,1,1,Healthcare,Latino,3.04,0,1,2,1,ByBirth,200,4000,0,Employed,Indian
1,69.17,900000.0,1,1,Healthcare,Latino,4.0,0,1,1,0,ByBirth,70,6000,0,Employed,Indian
1,32.92,250000.0,1,1,Other,White,1.75,0,1,2,1,ByBirth,720,0,0,Employed,Indian
1,16.33,275000.0,1,1,Other,White,0.665,0,1,1,0,ByBirth,80,21000,0,Employed,Indian
1,22.17,1212500.0,1,1,Other,White,3.335,0,1,2,1,ByBirth,180,173000,0,Employed,Indian
0,57.58,200000.0,1,1,Healthcare,Latino,6.5,0,1,1,0,ByBirth,0,10000,0,Employed,Indian
1,18.25,16500.0,1,1,Other,White,0.25,0,0,0,1,ByOtherMeans,280,0,0,Employed,Indian
1,23.42,100000.0,1,1,Other,White,0.5,0,0,0,1,ByOtherMeans,280,0,0,Employed,Indian
0,15.92,287500.0,1,1,Other,White,0.085,0,0,0,0,ByBirth,120,0,0,Employed,Indian
0,24.75,1366500.0,1,1,Other,Black,1.5,0,0,0,0,ByBirth,280,1000,0,Employed,Indian
1,48.75,2633500.0,0,0,Healthcare,Latino,0.0,1,0,0,1,ByBirth,0,0,0,Unemployed,Indian
1,23.5,275000.0,1,1,Healthcare,Latino,4.5,0,0,0,0,ByBirth,160,25000,0,Employed,Indian
1,18.58,1028999.9999999999,1,1,Healthcare,Latino,0.415,0,0,0,0,ByBirth,80,0,0,Employed,Indian
1,27.75,129000.0,1,1,Banking,Black,0.25,0,0,0,1,ByOtherMeans,140,0,0,Employed,Indian
0,31.75,300000.0,0,0,Other,Other,0.0,0,0,0,0,ByBirth,160,20000,0,Unemployed,Indian
0,24.83,450000.0,1,1,Manufacturing,White,1.0,0,0,0,1,ByBirth,360,6000,0,Employed,Indian
1,19.0,175000.0,0,0,Other,White,2.335,0,0,0,1,ByBirth,112,6000,0,Employed,Indian
0,16.33,21000.0,1,1,Other,White,0.125,0,0,0,0,ByBirth,200,1000,0,Employed,Indian
0,18.58,1000000.0,1,1,Other,White,0.415,0,0,0,0,ByBirth,80,42000,0,Employed,Indian
1,16.25,0.0,0,0,Other,White,0.25,0,0,0,0,ByBirth,60,0,0,Employed,Indian
1,23.0,75000.0,1,1,Other,White,0.5,1,0,0,1,ByOtherMeans,320,0,0,Employed,Indian
1,21.17,25000.0,0,0,Other,Black,0.25,0,0,0,0,ByBirth,280,204000,0,Employed,Indian
1,17.5,2200000.0,0,1,Healthcare,Other,0.0,0,0,0,1,Temporary,450,100000000,1,Unemployed,Indian
1,19.17,0.0,0,0,Other,Asian,0.0,0,0,0,1,ByOtherMeans,500,1000,1,Unemployed,Indian
1,36.75,12500.0,0,0,Other,White,1.5,0,0,0,1,ByBirth,232,113000,1,Employed,Indian
1,21.25,150000.0,1,1,Manufacturing,White,1.5,0,0,0,0,ByBirth,150,8000,1,Employed,Indian
0,18.08,37500.0,0,1,Other,Latino,10.0,0,0,0,1,ByOtherMeans,300,0,1,Employed,Indian
0,33.67,37500.0,1,1,Other,White,0.375,0,0,0,0,ByBirth,300,44000,1,Employed,Indian
1,48.58,20500.0,0,0,Banking,White,0.25,1,1,11,0,ByBirth,380,2732000,1,Employed,Indian
1,33.67,125000.0,1,1,Manufacturing,White,1.165,0,0,0,0,ByBirth,120,0,0,Employed,Indian
0,29.5,108500.0,0,0,Other,White,1.0,0,0,0,0,ByBirth,280,13000,0,Employed,Indian
1,30.17,108500.0,0,0,Other,White,0.04,0,0,0,0,ByBirth,170,179000,0,Employed,Indian
1,40.83,350000.0,1,1,Other,Asian,0.5,0,0,0,0,ByOtherMeans,1160,0,0,Employed,Indian
1,34.83,250000.0,0,0,Manufacturing,White,3.0,0,0,0,0,ByOtherMeans,200,0,0,Employed,Indian
1,28.46,400000.0,0,0,Other,White,0.085,0,0,0,1,ByBirth,411,0,0,Employed,Indian
1,20.42,0.0,1,1,Other,White,0.0,0,0,0,0,Temporary,0,0,0,Unemployed,Indian
0,33.25,250000.0,0,0,Other,White,2.5,0,0,0,1,ByBirth,0,2000,0,Employed,Indian
1,34.08,250000.0,1,1,Other,White,1.0,0,0,0,0,ByBirth,460,16000,0,Employed,Indian
0,25.25,1250000.0,1,1,Other,White,1.0,0,0,0,1,ByBirth,180,1062000,0,Employed,Indian
1,34.75,250000.0,1,1,Other,Asian,0.5,0,0,0,0,ByBirth,348,0,0,Employed,Indian
1,27.67,75000.0,1,1,Other,Black,0.165,0,0,0,1,ByBirth,220,251000,0,Employed,Indian
1,47.33,650000.0,1,1,Other,White,1.0,0,0,0,1,ByBirth,0,228000,0,Employed,Indian
0,34.83,125000.0,0,0,Other,Black,0.5,0,0,0,1,ByBirth,160,0,0,Employed,Indian
0,33.25,300000.0,0,0,Other,White,2.0,0,0,0,0,ByBirth,180,0,0,Employed,Indian
1,28.0,300000.0,1,1,Manufacturing,White,0.75,0,0,0,1,ByBirth,300,67000,0,Employed,Indian
0,39.08,400000.0,1,1,Other,White,3.0,0,0,0,0,ByBirth,480,0,0,Employed,Indian
1,42.75,408500.0,1,1,Other,White,0.04,0,0,0,0,ByBirth,108,100000,0,Employed,Indian
1,26.92,225000.0,1,1,Other,Asian,0.5,0,0,0,1,ByBirth,640,4000000,0,Employed,Indian
1,33.75,275000.0,1,1,Other,Asian,0.0,0,0,0,0,ByBirth,180,0,0,Unemployed,Indian
1,38.92,175000.0,1,1,Banking,White,0.5,0,0,0,1,ByBirth,300,2000,0,Employed,Indian
1,62.75,700000.0,1,1,Education,Other,0.0,0,0,0,0,ByBirth,0,12000,0,Unemployed,Indian
1,32.25,150000.0,1,1,Other,White,0.25,0,0,0,1,ByBirth,372,122000,0,Employed,Indian
1,26.75,450000.0,0,0,Other,Asian,2.5,0,0,0,0,ByBirth,200,1210000,0,Employed,Indian
1,63.33,54000.0,1,1,Other,White,0.585,1,1,3,1,ByBirth,180,0,0,Employed,Indian
1,27.83,150000.0,1,1,Manufacturing,White,2.25,0,1,1,1,ByBirth,100,3000,0,Employed,Indian
0,26.17,200000.0,1,1,Other,Other,0.0,0,0,0,1,ByBirth,276,1000,0,Unemployed,Indian
1,22.17,58500.0,0,0,Healthcare,Latino,0.0,0,0,0,0,ByBirth,100,0,0,Unemployed,Indian
1,22.5,1150000.0,0,0,Other,White,1.5,0,0,0,1,ByBirth,0,4000000,0,Employed,Indian
1,30.75,158500.0,1,1,Other,White,0.585,0,0,0,1,ByOtherMeans,0,0,0,Employed,Indian
1,36.67,200000.0,1,1,Other,White,0.25,0,0,0,1,ByBirth,221,0,0,Employed,Indian
0,16.0,16500.0,1,1,Other,White,1.0,0,1,2,1,ByBirth,320,1000,0,Employed,Indian
1,41.17,133500.0,1,1,Other,White,0.165,0,0,0,0,ByBirth,168,0,0,Employed,Indian
0,19.5,16500.0,1,1,Other,White,0.04,0,0,0,1,ByBirth,380,0,0,Employed,Indian
1,32.42,300000.0,1,1,Other,White,0.165,0,0,0,1,ByBirth,120,0,0,Employed,Indian
0,36.75,471000.0,1,1,Healthcare,Latino,0.0,0,0,0,0,ByBirth,160,0,0,Unemployed,Indian
0,30.25,550000.0,1,1,Banking,White,5.5,0,0,0,1,ByOtherMeans,100,0,0,Employed,Indian
1,23.08,250000.0,1,1,Healthcare,Latino,0.085,0,0,0,1,ByBirth,100,4208000,0,Employed,Indian
1,26.83,54000.0,1,1,Banking,Latino,0.0,0,0,0,0,ByBirth,100,0,0,Unemployed,Indian
1,16.92,33500.0,0,0,Banking,White,0.29,0,0,0,0,ByOtherMeans,200,0,0,Employed,Indian
1,24.42,200000.0,1,1,Education,Other,0.165,0,1,2,0,ByBirth,320,1300000,0,Employed,Indian
1,42.83,125000.0,1,1,Other,White,13.875,0,1,1,1,ByBirth,352,112000,0,Employed,Indian
0,22.75,616500.0,1,1,Other,White,0.165,0,0,0,0,ByBirth,220,1000000,0,Employed,Indian
1,39.42,171000.0,0,0,Other,White,0.165,0,0,0,0,ByOtherMeans,400,0,0,Employed,Indian
0,23.58,1150000.0,0,0,Banking,Black,3.0,0,0,0,1,ByBirth,20,16000,0,Employed,Indian
1,21.42,75000.0,0,0,Other,Other,0.75,0,0,0,1,ByBirth,132,2000,0,Employed,Indian
1,33.0,250000.0,0,0,Manufacturing,White,7.0,0,0,0,1,ByBirth,280,0,0,Employed,Indian
1,26.33,1300000.0,1,1,Education,Other,0.0,0,0,0,1,ByBirth,140,1110000,0,Unemployed,Indian
0,45.0,458500.0,1,1,Banking,Black,1.0,0,0,0,1,ByOtherMeans,240,0,0,Employed,Indian
1,26.25,154000.0,1,1,Manufacturing,White,0.125,0,0,0,0,ByBirth,100,0,0,Employed,Indian
1,28.17,58500.0,1,1,Other,White,0.04,0,0,0,0,ByBirth,260,1004000,0,Employed,Indian
0,20.83,50000.0,0,0,Education,Other,1.0,0,0,0,0,ByBirth,260,0,0,Employed,Indian
1,28.67,1450000.0,1,1,Other,White,0.125,0,0,0,0,ByBirth,0,286000,0,Employed,Indian
1,20.67,83500.0,0,0,Other,White,2.0,0,0,0,1,ByOtherMeans,240,0,0,Employed,Indian
1,34.42,133500.0,1,1,Other,Asian,0.125,0,0,0,1,ByBirth,440,4500000,0,Employed,Indian
1,33.58,25000.0,1,1,Other,Asian,4.0,0,0,0,1,ByOtherMeans,420,0,0,Employed,Indian
1,43.17,500000.0,1,1,Other,Asian,2.25,0,0,0,1,ByBirth,141,0,0,Employed,Indian
0,22.67,700000.0,1,1,Other,White,0.165,0,0,0,0,ByBirth,160,0,0,Employed,Indian
0,24.33,250000.0,0,0,Other,Asian,4.5,0,0,0,0,ByBirth,200,456000,0,Employed,Indian
0,56.83,425000.0,0,0,Healthcare,Latino,5.0,0,0,0,1,ByBirth,0,4000,0,Employed,Indian
1,22.08,1146000.0,1,1,Banking,White,1.585,0,0,0,1,ByBirth,100,1212000,0,Employed,Indian
1,34.0,550000.0,0,0,Other,White,1.5,0,0,0,1,ByBirth,60,0,0,Employed,Indian
1,22.58,150000.0,0,0,Other,White,0.54,0,0,0,1,ByBirth,120,67000,0,Employed,Indian
1,21.17,0.0,1,1,Other,White,0.5,0,0,0,1,ByOtherMeans,0,0,0,Employed,Indian
1,26.67,1458500.0,1,1,Other,Asian,0.0,0,0,0,1,ByBirth,178,0,0,Unemployed,Indian
1,22.92,17000.0,1,1,Other,White,0.085,0,0,0,0,ByOtherMeans,0,0,0,Employed,Indian
1,15.17,700000.0,1,1,Education,White,1.0,0,0,0,0,ByBirth,600,0,0,Employed,Indian
1,39.92,500000.0,1,1,Other,Asian,0.21,0,0,0,0,ByBirth,550,0,0,Employed,Indian
1,27.42,1250000.0,1,1,Other,Asian,0.25,0,0,0,1,ByBirth,720,0,0,Employed,Indian
1,24.75,54000.0,1,1,Other,White,1.0,0,0,0,1,ByBirth,120,1000,0,Employed,Indian
1,41.17,125000.0,0,0,Manufacturing,White,0.25,0,0,0,0,ByBirth,0,195000,0,Employed,Indian
0,33.08,162500.0,1,1,Other,White,0.54,0,0,0,1,ByBirth,0,0,0,Employed,Indian
1,29.83,204000.0,0,0,Other,Black,0.04,0,0,0,0,ByBirth,128,1000,0,Employed,Indian
0,23.58,58500.0,0,0,Healthcare,Latino,0.125,0,0,0,0,ByBirth,120,87000,0,Employed,Indian
1,26.17,1250000.0,0,0,Banking,Black,1.25,0,0,0,1,ByBirth,0,17000,0,Employed,Indian
1,31.0,208500.0,1,1,Other,White,0.085,0,0,0,0,ByBirth,300,0,0,Employed,Indian
1,20.75,508500.0,0,0,Other,White,0.29,0,0,0,0,ByBirth,140,184000,0,Employed,Indian
1,28.92,37500.0,1,1,Other,White,0.29,0,0,0,0,ByBirth,220,140000,0,Employed,Indian
0,51.92,650000.0,1,1,Other,Asian,3.085,0,0,0,1,ByBirth,73,0,0,Employed,Indian
0,22.67,33500.0,1,1,Other,White,0.75,0,0,0,0,ByOtherMeans,160,0,0,Employed,Indian
1,34.0,508500.0,0,0,Other,Asian,1.085,0,0,0,1,ByBirth,480,0,0,Employed,Indian
0,69.5,600000.0,1,1,Healthcare,Latino,0.0,0,0,0,0,ByOtherMeans,0,0,0,Unemployed,Indian
0,40.33,812500.0,0,0,Banking,White,0.165,0,1,2,0,ByBirth,0,18000,0,Employed,Indian
0,19.58,66500.0,0,0,Other,White,1.0,0,1,1,0,ByBirth,2000,2000,0,Employed,Indian
1,16.0,312500.0,1,1,Manufacturing,White,0.085,0,1,1,0,ByBirth,0,6000,0,Employed,Indian
1,17.08,25000.0,1,1,Other,White,0.335,0,1,4,0,ByBirth,160,8000,0,Employed,Indian
1,31.25,283500.0,1,1,Healthcare,Latino,0.0,0,1,5,0,ByBirth,176,146000,0,Unemployed,Indian
1,25.17,300000.0,1,1,Other,White,1.25,0,1,1,0,ByBirth,0,22000,0,Employed,Indian
0,22.67,79000.0,1,1,Other,White,0.085,0,0,0,0,ByBirth,144,0,0,Employed,Indian
1,40.58,150000.0,1,1,Other,Asian,0.0,0,0,0,0,ByOtherMeans,300,0,0,Unemployed,Indian
1,22.25,46000.0,1,1,Banking,White,0.125,0,0,0,1,ByBirth,280,55000,0,Employed,Indian
0,22.25,125000.0,0,0,Healthcare,Latino,3.25,0,0,0,0,ByBirth,280,0,0,Employed,Indian
1,22.5,12500.0,0,0,Banking,White,0.125,0,0,0,0,ByBirth,200,70000,0,Employed,Indian
1,23.58,179000.0,1,1,Other,White,0.54,0,0,0,1,ByBirth,136,1000,0,Employed,Indian
1,38.42,70500.0,1,1,Other,White,0.375,0,1,2,0,ByBirth,225,500000,0,Employed,Indian
0,26.58,254000.0,0,0,Healthcare,Latino,0.0,0,0,0,1,ByBirth,180,60000,0,Unemployed,Indian
1,35.0,250000.0,1,1,Other,White,1.0,0,0,0,1,ByBirth,210,0,0,Employed,Indian
1,20.42,108500.0,1,1,Other,White,1.5,0,0,0,0,ByBirth,108,7000,0,Employed,Indian
1,29.42,125000.0,1,1,Manufacturing,White,1.75,0,0,0,0,ByBirth,200,0,0,Employed,Indian
1,26.17,83500.0,1,1,Other,White,1.165,0,0,0,0,ByBirth,100,0,0,Employed,Indian
1,33.67,216500.0,1,1,Other,White,1.5,0,0,0,0,Temporary,120,0,0,Employed,Indian
1,24.58,125000.0,1,1,Other,White,0.25,0,0,0,0,ByBirth,110,0,0,Employed,Indian
0,27.67,204000.0,1,1,Manufacturing,White,0.25,0,0,0,1,ByBirth,180,50000,0,Employed,Indian
1,37.5,83500.0,1,1,Education,White,0.04,0,0,0,0,ByBirth,120,5000,0,Employed,Indian
1,49.17,229000.0,1,1,Healthcare,Latino,0.29,0,0,0,0,ByBirth,200,3000,0,Employed,Indian
1,33.58,33500.0,0,0,Other,White,0.085,0,0,0,0,ByBirth,180,0,0,Employed,Indian
1,51.83,300000.0,0,0,Healthcare,Latino,1.5,0,0,0,0,ByBirth,180,4000,0,Employed,Indian
1,22.92,316500.0,0,0,Other,White,0.165,0,0,0,0,ByBirth,160,1058000,0,Employed,Indian
1,21.83,154000.0,1,1,Banking,White,0.085,0,0,0,1,ByBirth,356,0,0,Employed,Indian
1,25.25,100000.0,1,1,Other,White,0.5,0,0,0,0,ByBirth,200,0,0,Employed,Indian
1,58.58,271000.0,1,1,Other,White,2.415,0,0,0,1,ByBirth,320,0,0,Employed,Indian
1,19.0,0.0,0,0,Healthcare,Latino,0.0,0,1,4,0,ByBirth,45,1000,0,Unemployed,Indian
1,19.58,58500.0,1,1,Healthcare,Latino,0.0,0,1,3,0,ByBirth,350,769000,0,Unemployed,Indian
0,53.33,16500.0,1,1,Healthcare,Latino,0.0,0,0,0,1,ByOtherMeans,62,27000,0,Unemployed,Indian
0,27.17,125000.0,1,1,Healthcare,Latino,0.0,0,1,1,0,ByBirth,92,300000,0,Unemployed,Indian
1,25.92,87500.0,1,1,Banking,White,0.375,0,1,2,1,ByBirth,174,3000,0,Employed,Indian
1,23.08,0.0,1,1,Banking,White,1.0,0,1,11,0,ByOtherMeans,0,0,0,Employed,Indian
1,39.58,500000.0,1,1,Healthcare,Latino,0.0,0,1,2,0,ByBirth,17,1000,0,Unemployed,Indian
1,30.58,271000.0,0,0,Other,White,0.125,0,0,0,1,ByOtherMeans,80,0,0,Employed,Indian
1,17.25,300000.0,1,1,Banking,White,0.04,0,0,0,1,ByBirth,160,40000,0,Employed,Indian
0,17.67,0.0,0,0,Other,Latino,0.0,0,0,0,0,ByBirth,86,0,0,Unemployed,Indian
0,28.46,1125000.0,1,1,Healthcare,Latino,0.0,0,0,0,0,ByBirth,0,5200000,0,Unemployed,Indian
1,16.5,12500.0,1,1,Other,White,0.165,0,0,0,0,ByBirth,132,0,0,Employed,Indian
0,27.33,166500.0,1,1,Healthcare,Latino,0.0,0,0,0,0,ByBirth,340,1000,0,Unemployed,Indian
1,31.25,112500.0,1,1,Healthcare,Latino,0.0,0,1,1,0,ByBirth,96,19000,0,Unemployed,Indian
1,20.0,700000.0,1,1,Other,White,0.5,0,0,0,0,ByBirth,0,0,0,Employed,Indian
1,28.46,300000.0,0,0,Other,Asian,7.0,0,0,0,0,ByBirth,0,1000,0,Employed,Indian
1,39.5,162500.0,1,1,Other,White,1.5,0,0,0,0,ByBirth,0,316000,0,Employed,Indian
1,36.5,425000.0,1,1,Other,White,3.5,0,0,0,0,ByBirth,454,50000,0,Employed,Indian
1,29.75,66500.0,1,1,Manufacturing,White,0.25,0,0,0,1,ByBirth,300,0,0,Employed,Indian
1,52.42,150000.0,1,1,Other,White,3.75,0,0,0,1,ByBirth,0,350000,0,Employed,Indian
1,36.17,1812500.0,1,1,Manufacturing,White,0.085,0,0,0,0,ByBirth,320,3552000,0,Employed,Indian
1,34.58,0.0,1,1,Other,White,0.0,0,0,0,0,Temporary,0,0,0,Unemployed,Indian
1,29.67,75000.0,0,0,Other,White,0.04,0,0,0,0,ByBirth,240,0,0,Employed,Indian
1,36.17,550000.0,1,1,Other,Asian,5.0,0,0,0,0,ByBirth,210,687000,0,Employed,Indian
1,25.67,28999.999999999996,0,0,Other,White,1.5,0,0,0,1,ByBirth,160,0,0,Employed,Indian
0,24.5,241500.0,0,0,Other,White,0.0,0,0,0,0,ByBirth,120,0,0,Unemployed,Indian
1,24.08,87500.0,1,1,Other,White,0.085,0,1,4,0,ByBirth,254,1950000,0,Employed,Indian
1,21.92,50000.0,1,1,Other,White,0.125,0,0,0,0,ByBirth,360,0,0,Employed,Indian
0,36.58,28999.999999999996,1,1,Healthcare,Latino,0.0,0,1,10,0,ByBirth,200,18000,0,Unemployed,Indian
0,23.0,183500.0,1,1,Other,Other,0.0,0,1,1,0,ByBirth,200,53000,0,Unemployed,Indian
0,27.58,300000.0,1,1,Other,White,2.79,0,1,1,1,ByBirth,280,10000,0,Employed,Indian
1,31.08,308500.0,1,1,Other,White,2.5,0,1,2,1,ByBirth,160,41000,0,Employed,Indian
0,30.42,137500.0,1,1,Manufacturing,Black,0.04,0,1,3,0,ByBirth,0,33000,0,Employed,Indian
1,22.08,233500.0,1,1,Banking,White,0.75,0,0,0,0,ByBirth,180,0,0,Employed,Indian
1,16.33,408500.0,1,1,Other,Black,0.415,0,0,0,1,ByBirth,120,0,0,Employed,Indian
0,21.92,1166500.0,1,1,Banking,Black,0.085,0,0,0,0,ByBirth,320,5000,0,Employed,Indian
1,21.08,412500.0,0,0,Other,Black,0.04,0,0,0,0,ByBirth,140,100000,0,Employed,Indian
1,17.42,650000.0,1,1,Other,White,0.125,0,0,0,0,ByBirth,60,100000,0,Employed,Indian
1,19.17,400000.0,0,0,Other,White,1.0,0,0,0,1,ByBirth,360,1000000,0,Employed,Indian
1,20.67,41500.0,1,1,Other,White,0.125,0,0,0,0,ByBirth,0,44000,0,Employed,Indian
1,26.75,200000.0,1,1,Other,White,0.75,0,0,0,1,ByBirth,80,0,0,Employed,Indian
1,23.58,83500.0,1,1,Other,Black,0.085,0,0,0,1,ByBirth,220,5000,0,Employed,Indian
1,39.17,250000.0,0,0,Other,Black,10.0,0,0,0,1,ByOtherMeans,200,0,0,Employed,Indian
1,22.75,1150000.0,1,1,Other,White,0.415,0,0,0,0,ByBirth,0,0,0,Employed,Indian
1,26.5,271000.0,0,0,Other,White,0.085,0,0,0,0,ByOtherMeans,80,0,0,Employed,Indian
0,16.92,50000.0,1,1,Other,White,0.165,0,1,6,1,ByBirth,240,35000,0,Employed,Indian
1,23.5,316500.0,0,0,Banking,White,0.415,0,1,1,1,ByBirth,280,80000,0,Employed,Indian
0,17.33,950000.0,1,1,Other,White,1.75,0,1,10,1,ByBirth,0,10000,0,Employed,Indian
1,23.75,41500.0,0,0,Other,White,0.04,0,1,2,0,ByBirth,128,6000,0,Employed,Indian
1,34.67,108000.0,1,1,Other,White,1.165,0,0,0,0,ByOtherMeans,28,0,0,Employed,Indian
1,74.83,1900000.0,0,0,Healthcare,Latino,0.04,0,1,2,0,ByBirth,0,351000,0,Employed,Indian
1,28.17,12500.0,0,0,Banking,White,0.085,0,0,0,0,ByBirth,216,2100000,0,Employed,Indian
1,24.5,1333500.0,0,0,Other,White,0.04,0,0,0,1,ByBirth,120,475000,0,Employed,Indian
1,18.83,354000.0,0,0,Healthcare,Latino,0.0,0,0,0,1,ByBirth,180,1000,0,Unemployed,Indian
1,45.33,100000.0,1,1,Other,White,0.125,0,0,0,1,ByBirth,263,0,0,Employed,Indian
0,47.25,75000.0,1,1,Other,Black,2.75,1,1,1,0,ByBirth,333,892000,1,Employed,Indian
1,24.17,87500.0,1,1,Other,White,4.625,1,1,2,1,ByBirth,520,2000000,1,Employed,Indian
1,39.25,950000.0,1,1,Other,White,6.5,1,1,14,0,ByBirth,240,4607000,1,Employed,Indian
0,20.5,1183500.0,1,1,Other,Black,6.0,1,0,0,0,ByBirth,340,0,1,Employed,Indian
0,18.83,441500.0,0,0,Other,Black,3.0,1,0,0,0,ByBirth,240,0,1,Employed,Indian
1,19.17,950000.0,1,1,Manufacturing,White,1.5,1,0,0,0,ByBirth,120,2206000,1,Employed,Indian
0,25.0,87500.0,1,1,Other,Black,1.04,1,0,0,1,ByBirth,160,5860000,1,Employed,Indian
1,20.17,925000.0,1,1,Other,White,1.665,1,1,3,1,ByBirth,40,28000,1,Employed,Indian
1,25.75,50000.0,1,1,Other,White,1.46,1,1,5,1,ByBirth,312,0,1,Employed,Indian
1,20.42,700000.0,1,1,Other,White,1.625,1,1,3,0,ByBirth,200,1391000,1,Employed,Indian
1,28.46,400000.0,1,1,Other,White,5.0,1,1,3,1,ByBirth,290,2279000,1,Employed,Indian
1,39.0,500000.0,1,1,Other,White,3.5,1,1,10,1,ByBirth,0,0,1,Employed,Indian
0,64.08,16500.0,1,1,Healthcare,Latino,0.0,1,1,1,0,ByBirth,232,100000,1,Unemployed,Indian
1,28.25,512500.0,1,1,Other,White,4.75,1,1,2,0,ByBirth,420,7000,1,Employed,Indian
0,28.75,375000.0,1,1,Other,White,1.085,1,1,1,1,ByBirth,371,0,1,Employed,Indian
1,31.33,1950000.0,1,1,Other,White,7.0,1,1,16,0,ByBirth,0,5000000,1,Employed,Indian
0,18.92,900000.0,1,1,Other,White,0.75,1,1,2,0,ByBirth,88,591000,1,Employed,Indian
0,24.75,300000.0,1,1,Other,Black,1.835,1,1,19,0,ByBirth,0,500000,1,Employed,Indian
0,30.67,1200000.0,1,1,Other,White,2.0,1,1,1,0,ByBirth,220,19000,1,Employed,Indian
1,21.0,479000.0,0,0,Manufacturing,White,2.25,1,1,1,1,ByBirth,80,300000,1,Employed,Indian
1,13.75,400000.0,0,0,Manufacturing,White,1.75,1,1,2,1,ByBirth,120,1000000,1,Employed,Indian
0,46.0,400000.0,1,1,Other,Other,0.0,1,0,0,0,ByBirth,100,960000,1,Unemployed,Indian
0,44.33,0.0,1,1,Other,White,2.5,1,0,0,0,ByBirth,0,0,1,Employed,Indian
1,20.25,996000.0000000001,1,1,Education,Other,0.0,1,0,0,0,ByBirth,0,0,1,Unemployed,Indian
1,22.67,254000.0,0,0,Other,Black,2.585,1,0,0,0,ByBirth,0,0,1,Employed,Indian
1,28.46,1050000.0,1,1,Other,White,6.5,1,0,0,0,ByBirth,0,0,1,Employed,Indian
0,60.92,500000.0,1,1,Other,White,4.0,1,1,4,0,ByBirth,0,99000,1,Employed,Indian
1,16.08,75000.0,1,1,Other,White,1.75,1,1,5,1,ByBirth,352,690000,1,Employed,Indian
0,28.17,37500.0,1,1,Other,White,0.585,1,1,4,0,ByBirth,80,0,1,Employed,Indian
1,39.17,171000.0,1,1,Other,White,0.125,1,1,5,1,ByBirth,480,0,1,Employed,Indian
1,20.42,750000.0,1,1,Banking,White,1.5,1,1,1,0,ByBirth,160,234000,1,Employed,Indian
0,30.0,529000.0,1,1,Education,Other,2.25,1,1,5,1,ByBirth,99,500000,1,Employed,Indian
1,22.83,300000.0,1,1,Other,White,1.29,1,1,1,0,ByBirth,260,800000,1,Employed,Indian
0,22.5,850000.0,1,1,Other,White,1.75,1,1,10,0,ByBirth,80,990000,0,Employed,Indian
0,28.58,166500.0,1,1,Other,White,2.415,1,0,0,1,ByBirth,440,0,0,Employed,Indian
1,45.17,150000.0,1,1,Other,White,2.5,1,0,0,1,ByBirth,140,0,0,Employed,Indian
1,41.58,175000.0,1,1,Banking,White,0.21,1,0,0,0,ByBirth,160,0,0,Employed,Indian
0,57.08,33500.0,1,1,Other,Asian,1.0,1,0,0,1,ByBirth,252,2197000,0,Employed,Indian
0,55.75,708000.0,1,1,Banking,Black,6.75,1,1,3,1,ByBirth,100,50000,0,Employed,Indian
1,43.25,2521000.0,1,1,Other,Black,0.21,1,1,1,0,ByBirth,760,90000,0,Employed,Indian
0,25.33,208500.0,1,1,Other,Black,2.75,1,0,0,1,ByBirth,360,1000,0,Employed,Indian
0,24.58,67000.0,1,1,Other,Black,1.75,1,0,0,0,ByBirth,400,0,0,Employed,Indian
1,43.17,225000.0,1,1,Other,Asian,0.75,1,0,0,0,ByBirth,560,0,0,Employed,Indian
1,40.92,83500.0,1,1,Healthcare,Latino,0.0,1,0,0,0,ByBirth,130,1000,0,Unemployed,Indian
1,31.83,250000.0,1,1,Other,White,7.5,1,0,0,1,ByBirth,523,0,0,Employed,Indian
0,33.92,158500.0,0,0,Healthcare,Latino,0.0,1,0,0,0,ByBirth,320,0,0,Unemployed,Indian
0,24.92,125000.0,1,1,Healthcare,Latino,0.0,1,0,0,0,ByBirth,80,0,0,Unemployed,Indian
1,35.25,316500.0,1,1,Other,Black,3.75,1,0,0,1,ByBirth,680,0,0,Employed,Indian
1,34.25,175000.0,1,1,Manufacturing,Asian,0.25,1,0,0,1,ByBirth,163,0,0,Employed,Indian
1,80.25,550000.0,1,1,Other,White,0.54,1,0,0,0,ByBirth,0,340000,0,Employed,Indian
1,19.42,150000.0,0,0,Other,White,2.0,1,0,0,1,ByBirth,100,20000,0,Employed,Indian
1,42.75,300000.0,1,1,Other,Asian,1.0,1,0,0,0,ByBirth,0,200000,0,Employed,Indian
1,19.67,1000000.0,0,0,Banking,Black,0.835,1,0,0,1,ByBirth,140,0,0,Employed,Indian
1,36.33,379000.0,1,1,Manufacturing,White,1.165,1,0,0,1,ByBirth,200,0,0,Employed,Indian
1,30.08,104000.0,0,0,Other,Asian,0.5,1,1,10,1,ByBirth,132,28000,0,Employed,Indian
1,44.25,1100000.0,0,0,Other,White,1.5,1,0,0,0,ByOtherMeans,0,0,0,Employed,Indian
1,23.58,46000.0,0,0,Manufacturing,White,2.625,1,1,6,1,ByBirth,208,347000,0,Employed,Indian
1,23.92,150000.0,1,1,Other,Black,1.875,1,1,6,0,ByBirth,200,327000,1,Employed,Indian
1,33.17,100000.0,1,1,Other,White,0.75,1,1,7,1,ByBirth,340,4071000,1,Employed,Indian
1,48.33,1200000.0,1,1,Other,White,16.0,1,0,0,0,ByOtherMeans,110,0,1,Employed,Indian
1,76.75,2229000.0,1,1,Education,Other,12.75,1,1,1,1,ByBirth,0,109000,1,Employed,Indian
1,51.33,1000000.0,1,1,Other,Asian,0.0,1,1,11,0,ByBirth,0,1249000,1,Unemployed,Indian
1,34.75,1500000.0,1,1,Other,Other,5.375,1,1,9,1,ByBirth,0,134000,1,Employed,Indian
1,38.58,333500.0,1,1,Manufacturing,White,4.0,1,1,14,0,ByBirth,383,1344000,1,Employed,Indian
0,22.42,1125000.0,0,0,Other,Black,0.75,1,1,4,0,ByBirth,0,321000,1,Employed,Indian
1,41.92,42000.0,1,1,Other,Black,0.21,1,1,6,0,ByBirth,220,948000,1,Employed,Indian
1,29.58,450000.0,1,1,Manufacturing,White,7.5,1,1,2,1,ByBirth,330,0,1,Employed,Indian
0,32.17,146000.0,1,1,Manufacturing,White,1.085,1,1,16,0,ByBirth,120,2079000,1,Employed,Indian
1,51.42,4000.0,1,1,Other,Black,0.04,1,0,0,0,ByBirth,0,3000000,1,Employed,Indian
0,22.83,229000.0,1,1,Other,Black,2.29,1,1,7,1,ByBirth,140,2384000,1,Employed,Indian
0,25.0,1233000.0,1,1,Other,Black,3.5,1,1,6,0,ByBirth,400,458000,1,Employed,Indian
1,26.75,112500.0,1,1,Other,Black,1.25,1,0,0,0,ByBirth,0,5298000,1,Employed,Indian
1,23.33,150000.0,1,1,Other,Black,1.415,1,0,0,0,ByBirth,422,200000,1,Employed,Indian
1,24.42,1233500.0,1,1,Other,Black,1.585,1,0,0,1,ByBirth,120,0,1,Employed,Indian
1,42.17,504000.0,1,1,Other,Black,12.75,1,0,0,1,ByBirth,92,0,1,Employed,Indian
0,20.83,300000.0,1,1,Other,White,0.04,1,0,0,0,ByBirth,100,0,1,Employed,Indian
1,23.08,1150000.0,1,1,Manufacturing,Black,2.125,1,1,11,1,ByBirth,290,284000,1,Employed,Indian
0,25.17,287500.0,1,1,Other,Black,0.875,1,0,0,0,ByBirth,360,0,1,Employed,Indian
1,43.08,37500.0,0,0,Other,White,0.375,1,1,8,1,ByBirth,300,162000,1,Employed,Indian
0,35.75,91500.0,1,1,Other,White,0.75,1,1,4,0,ByBirth,0,1583000,1,Employed,Indian
1,59.5,275000.0,1,1,Manufacturing,White,1.75,1,1,5,1,ByBirth,60,58000,1,Employed,Indian
1,21.0,300000.0,0,0,Other,White,1.085,1,1,8,1,ByBirth,160,1000,1,Employed,Indian
1,21.92,54000.0,0,0,Other,White,0.04,1,1,1,1,ByBirth,840,59000,1,Employed,Indian
0,65.17,1400000.0,1,1,Healthcare,Latino,0.0,1,1,11,1,ByBirth,0,1400000,1,Unemployed,Indian
0,20.33,1000000.0,1,1,Other,Black,1.0,1,1,4,0,ByBirth,50,1465000,1,Employed,Indian
1,32.25,16500.0,0,0,Other,Black,3.25,1,1,1,1,ByBirth,432,8000000,1,Employed,Indian
1,30.17,50000.0,1,1,Other,White,1.75,1,1,11,0,ByBirth,32,540000,1,Employed,Indian
1,25.17,600000.0,1,1,Other,White,1.0,1,1,3,0,ByBirth,0,0,1,Employed,Indian
1,39.17,162500.0,1,1,Other,White,1.5,1,1,10,0,ByBirth,186,4700000,1,Employed,Indian
1,39.08,600000.0,1,1,Other,White,1.29,1,1,5,1,ByBirth,108,1097000,1,Employed,Indian
1,31.67,83000.0,1,1,Other,White,1.335,1,1,8,1,ByBirth,303,3290000,1,Employed,Indian
1,41.0,4000.0,1,1,Education,White,0.04,0,1,1,0,ByOtherMeans,560,0,1,Employed,Indian
1,48.5,425000.0,1,1,Other,White,0.125,1,0,0,1,ByBirth,225,0,1,Employed,Indian
1,32.67,900000.0,0,0,Manufacturing,Black,5.25,1,0,0,1,ByBirth,154,0,1,Employed,Indian
0,28.08,1500000.0,0,0,Education,Other,0.0,1,0,0,0,ByBirth,0,13212000,1,Unemployed,Indian
1,73.42,1775000.0,1,1,Healthcare,Latino,0.0,1,0,0,1,ByBirth,0,0,1,Unemployed,Indian
1,64.08,2000000.0,1,1,Other,Black,17.5,1,1,9,1,ByBirth,0,1000000,1,Employed,Indian
1,51.58,1500000.0,1,1,Other,White,8.5,1,1,9,0,ByBirth,0,0,1,Employed,Indian
1,26.67,175000.0,0,0,Other,White,1.0,1,1,5,1,ByBirth,160,5777000,1,Employed,Indian
1,25.33,57999.99999999999,1,1,Other,White,0.29,1,1,7,1,ByBirth,96,5124000,1,Employed,Indian
1,30.17,650000.0,1,1,Other,White,3.125,1,1,8,0,ByBirth,330,1200000,1,Employed,Indian
1,27.0,75000.0,1,1,Other,Black,4.25,1,1,3,1,ByBirth,312,150000,1,Employed,Indian
1,23.17,0.0,1,1,Other,White,0.0,0,0,0,0,Temporary,0,0,1,Unemployed,Indian
1,34.17,525000.0,1,1,Manufacturing,White,0.085,0,0,0,1,ByBirth,290,6000,1,Employed,Indian
1,38.67,21000.0,1,1,Banking,White,0.085,1,0,0,1,ByBirth,280,0,1,Employed,Indian
1,25.75,75000.0,1,1,Other,Asian,0.25,1,0,0,0,ByBirth,349,23000,1,Employed,Indian
0,46.08,300000.0,1,1,Other,White,2.375,1,1,8,1,ByBirth,396,4159000,1,Employed,Indian
0,21.5,600000.0,1,1,Other,White,2.5,1,1,3,0,ByBirth,80,918000,1,Employed,Indian
1,20.08,12500.0,1,1,Other,White,1.0,0,1,1,0,ByBirth,240,768000,1,Employed,Indian
1,20.5,241500.0,1,1,Other,White,2.0,1,1,11,1,ByBirth,200,3000000,1,Employed,Indian
0,29.5,46000.0,1,1,Banking,White,0.54,1,1,4,0,ByBirth,380,500000,1,Employed,Indian
1,42.25,175000.0,0,0,Other,White,0.0,0,0,0,1,ByBirth,150,1000,0,Unemployed,Indian
1,29.83,125000.0,0,0,Banking,White,0.25,0,0,0,0,ByBirth,224,0,0,Employed,Indian
1,20.08,25000.0,1,1,Other,White,0.125,0,0,0,0,ByBirth,200,0,0,Employed,Indian
1,23.42,58500.0,1,1,Other,Black,0.085,1,0,0,0,ByBirth,180,0,0,Employed,Indian
0,29.58,175000.0,0,0,Banking,White,1.25,0,0,0,1,ByBirth,280,0,0,Employed,Indian
1,16.17,4000.0,1,1,Other,White,0.04,0,0,0,0,ByBirth,0,0,1,Employed,Indian
1,32.33,350000.0,1,1,Banking,White,0.5,0,0,0,1,ByBirth,232,0,0,Employed,Indian
1,28.46,4000.0,0,0,Other,White,4.25,0,0,0,1,ByBirth,460,0,0,Employed,Indian
1,47.83,416500.0,1,1,Other,Asian,0.085,0,0,0,1,ByBirth,520,0,0,Employed,Indian
1,20.0,125000.0,0,0,Banking,White,0.125,0,0,0,0,ByBirth,140,4000,0,Employed,Indian
1,27.58,325000.0,0,0,Other,Black,5.085,0,1,2,1,ByBirth,369,1000,0,Employed,Indian
1,22.0,79000.0,1,1,Manufacturing,White,0.29,0,1,1,0,ByBirth,420,283000,0,Employed,Indian
1,19.33,1091500.0,1,1,Other,Asian,0.585,0,1,2,1,ByBirth,200,7000,0,Employed,Indian
0,38.33,441500.0,1,1,Other,White,0.125,0,0,0,0,ByBirth,160,0,0,Employed,Indian
1,29.42,125000.0,1,1,Other,Black,0.25,0,1,2,1,ByBirth,400,108000,0,Employed,Indian
1,22.67,75000.0,1,1,Other,White,1.585,0,1,1,1,ByBirth,400,9000,0,Employed,Indian
1,32.25,1400000.0,0,0,Healthcare,Latino,0.0,0,1,2,0,ByBirth,160,1000,0,Unemployed,Indian
1,29.58,475000.0,1,1,Other,White,2.0,0,1,1,1,ByBirth,460,68000,0,Employed,Indian
1,18.42,1041499.9999999999,0,0,Other,White,0.125,1,0,0,0,ByBirth,120,375000,0,Employed,Indian
1,22.17,225000.0,1,1,Other,White,0.125,0,0,0,0,ByBirth,160,10000,0,Employed,Indian
1,22.67,16500.0,1,1,Other,Other,2.25,0,0,0,1,ByOtherMeans,0,0,1,Employed,Indian
0,25.58,0.0,1,1,Other,White,0.0,0,0,0,0,Temporary,0,0,1,Unemployed,Indian
1,18.83,0.0,1,1,Other,White,0.665,0,0,0,0,ByBirth,160,1000,0,Employed,Indian
1,21.58,79000.0,0,0,Other,White,0.665,0,0,0,0,ByBirth,160,0,0,Employed,Indian
1,23.75,1200000.0,1,1,Other,White,2.085,0,0,0,0,ByOtherMeans,80,0,0,Employed,Indian
1,22.0,783500.0,0,0,Other,Asian,0.165,0,0,0,1,ByBirth,0,0,0,Employed,Indian
1,36.08,254000.0,1,1,Healthcare,Latino,0.0,0,0,0,0,ByBirth,0,1000000,0,Unemployed,Indian
1,29.25,1300000.0,1,1,Other,Black,0.5,0,0,0,0,ByBirth,228,0,0,Employed,Indian
0,19.58,66500.0,1,1,Manufacturing,White,1.665,0,0,0,0,ByBirth,220,5000,0,Employed,Indian
0,22.92,125000.0,1,1,Other,White,0.25,0,0,0,1,ByBirth,120,809000,0,Employed,Indian
0,27.25,28999.999999999996,1,1,Other,Black,0.125,0,1,1,1,ByBirth,272,108000,0,Employed,Indian
0,38.75,150000.0,1,1,Healthcare,Latino,0.0,0,0,0,0,ByBirth,76,0,0,Unemployed,Indian
1,32.42,216500.0,0,0,Banking,Latino,0.0,0,0,0,0,ByBirth,120,0,0,Unemployed,Indian
0,23.75,71000.0,1,1,Manufacturing,White,0.25,0,1,1,1,ByBirth,240,4000,0,Employed,Indian
1,18.17,246000.0,1,1,Other,Other,0.96,0,1,2,1,ByBirth,160,587000,0,Employed,Indian
1,40.92,50000.0,0,0,Other,White,0.5,0,0,0,1,ByBirth,130,0,0,Employed,Indian
1,19.5,958500.0000000001,1,1,Other,White,0.79,0,0,0,0,ByBirth,80,350000,0,Employed,Indian
1,28.58,362500.0,1,1,Other,White,0.25,0,0,0,1,ByBirth,100,0,0,Employed,Indian
1,35.58,75000.0,1,1,Banking,White,1.5,0,0,0,1,ByBirth,231,0,0,Employed,Indian
1,34.17,275000.0,1,1,Other,Asian,2.5,0,0,0,1,ByBirth,232,200000,0,Employed,Indian
1,33.17,225000.0,0,0,Other,White,3.5,0,0,0,1,ByBirth,200,141000,0,Employed,Indian
1,31.58,75000.0,0,0,Other,White,3.5,0,0,0,1,ByBirth,320,0,0,Employed,Indian
0,52.5,700000.0,1,1,Other,Black,3.0,0,0,0,0,ByBirth,0,0,0,Employed,Indian
1,36.17,42000.0,0,0,Manufacturing,White,0.29,0,0,0,1,ByBirth,309,2000,0,Employed,Indian
1,37.33,266500.0,1,1,Other,White,0.165,0,0,0,1,ByBirth,0,501000,0,Employed,Indian
0,20.83,850000.0,1,1,Other,White,0.165,0,0,0,0,ByBirth,0,351000,0,Employed,Indian
1,24.08,900000.0,1,1,Other,White,0.25,0,0,0,1,ByBirth,0,0,0,Employed,Indian
1,25.58,33500.0,1,1,Banking,Black,3.5,0,0,0,1,ByBirth,340,0,0,Employed,Indian
0,35.17,375000.0,1,1,Healthcare,Latino,0.0,0,1,6,0,ByBirth,0,200000,0,Unemployed,Indian
1,48.08,375000.0,1,1,Other,Asian,1.0,0,0,0,0,ByBirth,100,2000,0,Employed,Indian
0,15.83,762500.0,1,1,Other,White,0.125,0,1,1,1,ByBirth,0,160000,0,Employed,Indian
0,22.5,41500.0,1,1,Other,White,0.335,0,0,0,1,ByOtherMeans,144,0,0,Employed,Indian
1,21.5,1150000.0,1,1,Other,White,0.5,1,0,0,1,ByBirth,100,68000,0,Employed,Indian
0,23.58,83000.0,1,1,Other,White,0.415,0,1,1,1,ByBirth,200,11000,0,Employed,Indian
0,21.08,500000.0,0,0,Healthcare,Latino,0.0,0,0,0,0,ByBirth,0,0,0,Unemployed,Indian
1,25.67,325000.0,1,1,Other,Black,2.29,0,1,1,1,ByBirth,416,21000,0,Employed,Indian
0,38.92,166500.0,1,1,Other,White,0.25,0,0,0,0,ByBirth,0,390000,0,Employed,Indian
0,15.75,37500.0,1,1,Other,White,1.0,0,0,0,0,ByBirth,120,18000,0,Employed,Indian
0,28.58,375000.0,1,1,Other,White,0.25,0,1,1,1,ByBirth,40,154000,0,Employed,Indian
1,22.25,900000.0,1,1,Other,White,0.085,0,0,0,0,ByBirth,0,0,0,Employed,Indian
1,29.83,350000.0,1,1,Other,White,0.165,0,0,0,0,ByBirth,216,0,0,Employed,Indian
0,23.5,150000.0,1,1,Manufacturing,White,0.875,0,0,0,1,ByBirth,160,0,0,Employed,Indian
1,32.08,400000.0,0,0,Other,White,1.5,0,0,0,1,ByBirth,120,0,0,Employed,Indian
1,31.08,150000.0,0,0,Manufacturing,White,0.04,0,0,0,0,ByOtherMeans,160,0,0,Employed,Indian
1,31.83,4000.0,0,0,Other,White,0.04,0,0,0,0,ByBirth,0,0,0,Employed,Indian
0,21.75,1175000.0,1,1,Other,White,0.25,0,0,0,1,ByBirth,180,0,0,Employed,Indian
0,17.92,54000.0,1,1,Other,White,1.75,0,1,1,1,ByBirth,80,5000,0,Employed,Indian
1,30.33,50000.0,1,1,Other,Black,0.085,0,0,0,1,ByOtherMeans,252,0,0,Employed,Indian
1,51.83,204000.0,0,0,Healthcare,Latino,1.5,0,0,0,0,ByBirth,120,1000,0,Employed,Indian
1,47.17,583500.0,1,1,Manufacturing,White,5.5,0,0,0,0,ByBirth,465,150000,0,Employed,Indian
1,25.83,1283500.0,1,1,Other,White,0.5,0,0,0,0,ByBirth,0,2000,0,Employed,Indian
0,50.25,83500.0,1,1,Other,White,0.5,0,0,0,1,ByBirth,240,117000,0,Employed,Indian
1,29.5,200000.0,0,0,Education,Black,2.0,0,0,0,0,ByBirth,256,17000,0,Employed,Indian
0,37.33,250000.0,1,1,Other,Black,0.21,0,0,0,0,ByBirth,260,246000,0,Employed,Indian
0,41.58,104000.0,1,1,Other,White,0.665,0,0,0,0,ByBirth,240,237000,0,Employed,Indian
0,30.58,1066500.0,1,1,Other,Black,0.085,0,1,12,1,ByBirth,129,3000,0,Employed,Indian
1,19.42,725000.0,1,1,Other,White,0.04,0,1,1,0,ByBirth,100,1000,0,Employed,Indian
0,17.92,1021000.0000000001,1,1,Healthcare,Latino,0.0,0,0,0,0,ByBirth,0,50000,0,Unemployed,Indian
0,20.08,125000.0,1,1,Other,White,0.0,0,0,0,0,ByBirth,0,0,0,Unemployed,Indian
1,19.5,28999.999999999996,1,1,Banking,White,0.29,0,0,0,0,ByBirth,280,364000,0,Employed,Indian
1,27.83,100000.0,0,0,Other,Black,3.0,0,0,0,0,ByBirth,176,537000,0,Employed,Indian
1,17.08,329000.0,1,1,Other,White,0.335,0,0,0,1,ByBirth,140,2000,0,Employed,Indian
1,36.42,75000.0,0,0,Other,White,0.585,0,0,0,0,ByBirth,240,3000,0,Employed,Indian
1,40.58,329000.0,1,1,Other,White,3.5,0,0,0,1,ByOtherMeans,400,0,0,Employed,Indian
1,21.08,1008500.0000000001,0,0,Education,Black,1.25,0,0,0,0,ByBirth,260,0,0,Employed,Indian
0,22.67,75000.0,1,1,Other,White,2.0,0,1,2,1,ByBirth,200,394000,0,Employed,Indian
0,25.25,1350000.0,0,0,Healthcare,Latino,2.0,0,1,1,1,ByBirth,200,1000,0,Employed,Indian
1,17.92,20500.0,1,1,Other,White,0.04,0,0,0,0,ByBirth,280,750000,0,Employed,Indian
1,35.0,337500.0,1,1,Other,Black,8.29,0,0,0,1,ByBirth,0,0,0,Employed,Indian
